Sex;Age;BeReal;Facebook;Instagram;LinkedIn;Messenger;Pinterest;Reddit;Snapchat;TikTok;Twitch;WhatsApp;X (Twitter);YouTube;Others
Sex, total;Age, total;23;91;88;19;94;43;33;87;69;22;21;30;93;9
Sex, total;16-24 years;7;91;79;52;90;32;34;62;29;15;34;18;85;8
Sex, total;25-34 years;2;88;68;45;83;21;17;48;11;5;34;11;79;2
Sex, total;35-44 years;1;89;59;47;82;21;6;32;12;1;29;10;74;5
Sex, total;45-54 years;1;79;45;34;68;19;3;26;3;1;21;4;63;3
Sex, total;55-64 years;0;74;32;14;57;13;1;17;2;0;14;3;48;2
Sex, total;65-74 years;0;64;18;5;42;7;0;7;1;0;7;1;32;3
Sex, total;75 years and over;;;;;;;;;;;;;;
Men;Age, total;14;91;83;19;91;16;46;83;64;34;17;43;95;11
Men;16-24 years;8;89;73;56;87;13;44;52;25;28;34;26;89;11
Men;25-34 years;2;81;61;49;80;10;27;43;11;9;31;18;83;2
Men;35-44 years;0;86;47;54;75;12;9;24;14;1;32;15;78;7
Men;45-54 years;0;75;34;39;60;7;5;18;3;1;23;6;71;2
Men;55-64 years;0;69;25;18;50;5;2;11;4;0;15;5;53;2
Men;65-74 years;0;62;10;8;35;3;0;3;1;0;9;1;41;3
Men;75 years and over;;;;;;;;;;;;;;
Women;Age, total;33;90;95;19;96;71;19;91;75;9;25;16;90;7
Women;16-24 years;6;93;86;48;93;50;25;72;33;3;35;11;82;5
Women;25-34 years;1;94;76;41;87;33;7;53;11;1;37;3;74;3
Women;35-44 years;1;92;70;40;90;29;3;40;9;1;26;6;70;3
Women;45-54 years;1;84;56;28;76;32;1;34;3;0;19;3;54;3
Women;55-64 years;0;79;38;11;63;20;1;21;1;0;14;1;44;2
Women;65-74 years;0;66;25;3;47;11;0;10;1;0;6;0;25;3
Women;75 years and over;;;;;;;;;;;;;;
